<?xml version="1.0"?>
<!DOCTYPE hibernate-mapping PUBLIC
        "-//Hibernate/Hibernate Mapping DTD 3.0//EN"
        "http://hibernate.sourceforge.net/hibernate-mapping-3.0.dtd">


<hibernate-mapping>

    <!--   Service Provider to Jobs -->
    <class name="job.ServiceProvider" table="SERVICEPROVIDER">
    	<id name="sp_id" type="int" column="SP_ID">
         <generator class="native"/>
      </id>
      	<property name="sp_name"/>
 		<property name="sp_username"/>
      	<property name="sp_password"/>
      	<property name="sp_email"/>
      	<property name="sp_website"/>
      	<property name="sp_address"/>
      	<property name="sp_status"/>
      	<property name="apply_request"/>
      		<set name="jobs" table="JOBS" cascade="all,delete-orphan">
      			<key column="PROVIDER_SPID"/>
      			<one-to-many class="job.Jobs"/>
      		</set>
    </class>
    
    <class name="job.Applied" table="APPLIED">
    	<id name="id" column="ID" >
    	<generator class="native"/>
    	</id>
       	<property name="applied"/>
       	<property name="jobname"/>
       	<property name="requestername"/>
       	 	<property name="cname"/>
       	
       	    	
      	<many-to-one name="appobj"  class="job.ServiceProvider"/>
    </class>
   
    <class name="job.Jobs" table="JOBS">
    	<id name="job_id" column="JOB_ID">
    	<generator class="native"/>
    	</id>
       	<property name="job_name"/>
       	<property name="job_experience"/>
       	<property name="job_amount"/>
      	<property name="job_specialization"/>
      	
      	<many-to-one name="spobj"  class="job.ServiceProvider"/>
    </class>
</hibernate-mapping>

